{"_wandb":{"runtime":2},"validation_f1_score":0.9145578636300273,"_timestamp":1.737972273504412e+09,"_runtime":2.1552648,"_step":0}