{"_wandb":{"runtime":3},"_runtime":3.5396425000000002,"_step":0,"validation_f1_score":0.9098120008029064,"_timestamp":1.7379722609646587e+09}