{"_runtime":27.0392534,"_wandb":{"runtime":27},"_step":0,"validation_f1_score":0.9112113507388009,"_timestamp":1.7379722116237345e+09}