{"validation_f1_score":0.9150962309542903,"_timestamp":1.737972227063551e+09,"_wandb":{"runtime":2},"_runtime":2.1063287,"_step":0}