{
    "optimal_threshold": 0.3,
    "f1_score": 0.9065934065934066,
    "precision": 0.8870967741935484,
    "recall": 0.9269662921348315,
    "accuracy": 0.9264069264069265
}