{"f1_score": 0.9709465791940018, "precision": 0.9718574108818011, "recall": 0.9700374531835206, "accuracy": 0.9776334776334776}