{"_runtime":2.0663521,"_step":0,"_wandb":{"runtime":2},"validation_f1_score":0.9109469612206962,"_timestamp":1.7379722454893644e+09}